<?xml version="1.0" encoding="UTF-8"?>
<project-private xmlns="http://www.netbeans.org/ns/project-private/1">
    <editor-bookmarks xmlns="http://www.netbeans.org/ns/editor-bookmarks/2" lastBookmarkId="0"/>
    <open-files xmlns="http://www.netbeans.org/ns/projectui-open-files/2">
        <group>
            <file>file:/D:/Users/Mr.Pro/Documents/NetBeansProjects/Prac2_c/src/java/mypack/Page4.java</file>
            <file>file:/D:/Users/Mr.Pro/Documents/NetBeansProjects/Prac2_c/src/java/mypack/Page3.java</file>
            <file>file:/D:/Users/Mr.Pro/Documents/NetBeansProjects/Prac2_c/src/java/mypack/Page2.java</file>
        </group>
    </open-files>
</project-private>
